timestamp,endpoint,cache_name,tasks,cost_usd
2026-09-17T10:28:53.789Z,/v3/appendix/user_data,user_data-2026-09-17,1,0
2026-09-17T10:28:54.367Z,/v3/dataforseo_labs/locations_and_languages,labs_locations-2026-09-17,1,0
2026-09-17T10:28:58.317Z,/v3/keywords_data/google_ads/locations,ads_locations-2026-09-17,1,0
2026-09-17T10:29:59.202Z,/v3/serp/google/locations,serp_locations-2026-09-17,1,0
2026-09-17T10:34:05.777Z,/v3/dataforseo_labs/google/keyword_suggestions/live,test-keyword_suggestions-en-2026-09-17,1,0.0132
2026-09-17T10:34:42.111Z,/v3/dataforseo_labs/google/keyword_ideas/live,keyword_ideas-en-uk-2026-09-17,1,0.096
2026-09-17T10:34:45.256Z,/v3/dataforseo_labs/google/keyword_ideas/live,keyword_ideas-en-us-2026-09-17,1,0.096
2026-09-17T10:34:45.473Z,/v3/dataforseo_labs/google/keyword_suggestions/live,keyword_suggestions-en-2026-09-17-00,1,0.018
2026-09-17T10:34:45.582Z,/v3/dataforseo_labs/google/keyword_suggestions/live,keyword_suggestions-en-2026-09-17-02,1,0.0132
2026-09-17T10:34:45.654Z,/v3/dataforseo_labs/google/keyword_suggestions/live,keyword_suggestions-en-2026-09-17-03,1,0.0126
2026-09-17T10:34:45.875Z,/v3/dataforseo_labs/google/keyword_suggestions/live,keyword_suggestions-en-2026-09-17-04,1,0.018
2026-09-17T10:34:46.119Z,/v3/dataforseo_labs/google/keyword_suggestions/live,keyword_suggestions-en-2026-09-17-01,1,0.0138
2026-09-17T10:34:46.235Z,/v3/dataforseo_labs/google/keyword_suggestions/live,keyword_suggestions-en-2026-09-17-06,1,0.012
2026-09-17T10:34:46.262Z,/v3/dataforseo_labs/google/keyword_suggestions/live,keyword_suggestions-en-2026-09-17-05,1,0.01356
2026-09-17T10:34:46.333Z,/v3/dataforseo_labs/google/keyword_suggestions/live,keyword_suggestions-en-2026-09-17-07,1,0.018
2026-09-17T10:34:46.546Z,/v3/dataforseo_labs/google/keyword_suggestions/live,keyword_suggestions-en-2026-09-17-08,1,0.0138
2026-09-17T10:34:46.841Z,/v3/dataforseo_labs/google/keyword_suggestions/live,keyword_suggestions-en-2026-09-17-11,1,0.01296
2026-09-17T10:34:46.847Z,/v3/dataforseo_labs/google/keyword_suggestions/live,keyword_suggestions-en-2026-09-17-10,1,0.01284
2026-09-17T10:34:46.977Z,/v3/dataforseo_labs/google/keyword_suggestions/live,keyword_suggestions-en-2026-09-17-09,1,0.01224
2026-09-17T10:34:47.061Z,/v3/dataforseo_labs/google/keyword_suggestions/live,keyword_suggestions-en-2026-09-17-13,1,0.018
2026-09-17T10:34:47.084Z,/v3/dataforseo_labs/google/keyword_suggestions/live,keyword_suggestions-en-2026-09-17-12,1,0.012
2026-09-17T10:34:47.208Z,/v3/dataforseo_labs/google/keyword_suggestions/live,keyword_suggestions-en-2026-09-17-15,1,0.01212
2026-09-17T10:34:47.218Z,/v3/dataforseo_labs/google/keyword_suggestions/live,keyword_suggestions-en-2026-09-17-14,1,0.01236
2026-09-17T10:34:47.245Z,/v3/dataforseo_labs/google/keyword_suggestions/live,keyword_suggestions-en-2026-09-17-16,1,0.012
2026-09-17T10:34:47.380Z,/v3/dataforseo_labs/google/keyword_suggestions/live,keyword_suggestions-en-2026-09-17-17,1,0.01416
2026-09-17T10:34:47.475Z,/v3/dataforseo_labs/google/keyword_suggestions/live,keyword_suggestions-en-2026-09-17-18,1,0.012
2026-09-17T10:34:47.581Z,/v3/dataforseo_labs/google/keyword_suggestions/live,keyword_suggestions-en-2026-09-17-19,1,0.01212
2026-09-17T10:34:47.590Z,/v3/dataforseo_labs/google/keyword_suggestions/live,keyword_suggestions-en-2026-09-17-20,1,0.01212
2026-09-17T10:34:47.652Z,/v3/dataforseo_labs/google/keyword_suggestions/live,keyword_suggestions-en-2026-09-17-21,1,0.01236
2026-09-17T10:34:47.809Z,/v3/dataforseo_labs/google/keyword_suggestions/live,keyword_suggestions-en-2026-09-17-23,1,0.0126
2026-09-17T10:34:47.824Z,/v3/dataforseo_labs/google/keyword_suggestions/live,keyword_suggestions-en-2026-09-17-22,1,0.0126
2026-09-17T10:34:48.068Z,/v3/dataforseo_labs/google/keyword_suggestions/live,keyword_suggestions-en-2026-09-17-24,1,0.01224
2026-09-17T10:34:48.110Z,/v3/dataforseo_labs/google/keyword_suggestions/live,keyword_suggestions-en-2026-09-17-25,1,0.012
2026-09-17T10:34:48.151Z,/v3/dataforseo_labs/google/keyword_suggestions/live,keyword_suggestions-en-2026-09-17-26,1,0.018
2026-09-17T10:34:48.390Z,/v3/dataforseo_labs/google/keyword_suggestions/live,keyword_suggestions-en-2026-09-17-27,1,0.012
2026-09-17T10:34:48.432Z,/v3/dataforseo_labs/google/keyword_suggestions/live,keyword_suggestions-en-2026-09-17-28,1,0.01536
2026-09-17T10:34:48.648Z,/v3/dataforseo_labs/google/keyword_suggestions/live,keyword_suggestions-en-2026-09-17-31,1,0.012
2026-09-17T10:34:48.722Z,/v3/dataforseo_labs/google/keyword_suggestions/live,keyword_suggestions-en-2026-09-17-30,1,0.012
2026-09-17T10:34:48.777Z,/v3/dataforseo_labs/google/keyword_suggestions/live,keyword_suggestions-en-2026-09-17-32,1,0.01212
2026-09-17T10:34:48.831Z,/v3/dataforseo_labs/google/keyword_suggestions/live,keyword_suggestions-en-2026-09-17-33,1,0.012
2026-09-17T10:34:48.918Z,/v3/dataforseo_labs/google/keyword_suggestions/live,keyword_suggestions-en-2026-09-17-34,1,0.012
2026-09-17T10:34:49.131Z,/v3/dataforseo_labs/google/keyword_suggestions/live,keyword_suggestions-en-2026-09-17-35,1,0.012
2026-09-17T10:34:49.205Z,/v3/dataforseo_labs/google/keyword_suggestions/live,keyword_suggestions-en-2026-09-17-36,1,0.01212
2026-09-17T10:34:51.746Z,/v3/dataforseo_labs/google/keyword_suggestions/live,keyword_suggestions-en-2026-09-17-29,1,0.01236
2026-09-17T10:34:51.859Z,/v3/dataforseo_labs/google/related_keywords/live,related_keywords-en-2026-09-17-01,1,0.01212
2026-09-17T10:34:51.968Z,/v3/dataforseo_labs/google/related_keywords/live,related_keywords-en-2026-09-17-02,1,0.01284
2026-09-17T10:34:51.975Z,/v3/dataforseo_labs/google/related_keywords/live,related_keywords-en-2026-09-17-03,1,0.01212
2026-09-17T10:34:51.996Z,/v3/dataforseo_labs/google/related_keywords/live,related_keywords-en-2026-09-17-00,1,0.01296
2026-09-17T10:34:52.089Z,/v3/dataforseo_labs/google/related_keywords/live,related_keywords-en-2026-09-17-06,1,0.012
2026-09-17T10:34:52.132Z,/v3/dataforseo_labs/google/related_keywords/live,related_keywords-en-2026-09-17-05,1,0.01212
2026-09-17T10:34:52.188Z,/v3/dataforseo_labs/google/related_keywords/live,related_keywords-en-2026-09-17-04,1,0.01488
2026-09-17T10:34:52.248Z,/v3/dataforseo_labs/google/related_keywords/live,related_keywords-en-2026-09-17-08,1,0.01212
2026-09-17T10:34:52.289Z,/v3/dataforseo_labs/google/related_keywords/live,related_keywords-en-2026-09-17-09,1,0.01212
2026-09-17T10:34:52.321Z,/v3/dataforseo_labs/google/related_keywords/live,related_keywords-en-2026-09-17-07,1,0.0138
2026-09-17T10:34:52.494Z,/v3/dataforseo_labs/google/related_keywords/live,related_keywords-en-2026-09-17-11,1,0.012
2026-09-17T10:34:52.497Z,/v3/dataforseo_labs/google/related_keywords/live,related_keywords-en-2026-09-17-12,1,0.012
2026-09-17T10:34:52.507Z,/v3/dataforseo_labs/google/related_keywords/live,related_keywords-en-2026-09-17-10,1,0.01212
2026-09-17T10:34:52.895Z,/v3/dataforseo_labs/google/related_keywords/live,related_keywords-en-2026-09-17-13,1,0.01356
2026-09-17T10:34:52.920Z,/v3/dataforseo_labs/google/related_keywords/live,related_keywords-en-2026-09-17-14,1,0.01212
2026-09-17T10:35:14.857Z,/v3/dataforseo_labs/google/keyword_ideas/live,keyword_ideas-pl-pl-2026-09-17,1,0.096
2026-09-17T10:35:14.992Z,/v3/dataforseo_labs/google/keyword_suggestions/live,keyword_suggestions-pl-2026-09-17-00,1,0.012
2026-09-17T10:35:15.118Z,/v3/dataforseo_labs/google/keyword_suggestions/live,keyword_suggestions-pl-2026-09-17-03,1,0.012
2026-09-17T10:35:15.140Z,/v3/dataforseo_labs/google/keyword_suggestions/live,keyword_suggestions-pl-2026-09-17-01,1,0.012
2026-09-17T10:35:15.144Z,/v3/dataforseo_labs/google/keyword_suggestions/live,keyword_suggestions-pl-2026-09-17-02,1,0.012
2026-09-17T10:35:15.244Z,/v3/dataforseo_labs/google/keyword_suggestions/live,keyword_suggestions-pl-2026-09-17-05,1,0.012
2026-09-17T10:35:15.291Z,/v3/dataforseo_labs/google/keyword_suggestions/live,keyword_suggestions-pl-2026-09-17-04,1,0.012
2026-09-17T10:35:15.469Z,/v3/dataforseo_labs/google/keyword_suggestions/live,keyword_suggestions-pl-2026-09-17-07,1,0.012
2026-09-17T10:35:15.521Z,/v3/dataforseo_labs/google/keyword_suggestions/live,keyword_suggestions-pl-2026-09-17-06,1,0.0126
2026-09-17T10:35:15.557Z,/v3/dataforseo_labs/google/keyword_suggestions/live,keyword_suggestions-pl-2026-09-17-08,1,0.01236
2026-09-17T10:35:15.681Z,/v3/dataforseo_labs/google/keyword_suggestions/live,keyword_suggestions-pl-2026-09-17-09,1,0.012
2026-09-17T10:35:15.705Z,/v3/dataforseo_labs/google/keyword_suggestions/live,keyword_suggestions-pl-2026-09-17-10,1,0.01332
2026-09-17T10:35:15.767Z,/v3/dataforseo_labs/google/keyword_suggestions/live,keyword_suggestions-pl-2026-09-17-11,1,0.012
2026-09-17T10:35:15.841Z,/v3/dataforseo_labs/google/keyword_suggestions/live,keyword_suggestions-pl-2026-09-17-12,1,0.01368
2026-09-17T10:35:15.964Z,/v3/dataforseo_labs/google/keyword_suggestions/live,keyword_suggestions-pl-2026-09-17-14,1,0.01212
2026-09-17T10:35:16.039Z,/v3/dataforseo_labs/google/keyword_suggestions/live,keyword_suggestions-pl-2026-09-17-15,1,0.012
2026-09-17T10:35:16.064Z,/v3/dataforseo_labs/google/keyword_suggestions/live,keyword_suggestions-pl-2026-09-17-13,1,0.012
2026-09-17T10:35:16.235Z,/v3/dataforseo_labs/google/keyword_suggestions/live,keyword_suggestions-pl-2026-09-17-18,1,0.012
2026-09-17T10:35:16.288Z,/v3/dataforseo_labs/google/keyword_suggestions/live,keyword_suggestions-pl-2026-09-17-17,1,0.018
2026-09-17T10:35:16.312Z,/v3/dataforseo_labs/google/keyword_suggestions/live,keyword_suggestions-pl-2026-09-17-16,1,0.012
2026-09-17T10:35:16.340Z,/v3/dataforseo_labs/google/keyword_suggestions/live,keyword_suggestions-pl-2026-09-17-19,1,0.012
2026-09-17T10:35:16.402Z,/v3/dataforseo_labs/google/keyword_suggestions/live,keyword_suggestions-pl-2026-09-17-20,1,0.01212
2026-09-17T10:35:16.450Z,/v3/dataforseo_labs/google/keyword_suggestions/live,keyword_suggestions-pl-2026-09-17-21,1,0.012
2026-09-17T10:35:16.471Z,/v3/dataforseo_labs/google/keyword_suggestions/live,keyword_suggestions-pl-2026-09-17-22,1,0.012
2026-09-17T10:35:16.505Z,/v3/dataforseo_labs/google/keyword_suggestions/live,keyword_suggestions-pl-2026-09-17-23,1,0.012
2026-09-17T10:35:16.596Z,/v3/dataforseo_labs/google/keyword_suggestions/live,keyword_suggestions-pl-2026-09-17-24,1,0.012
2026-09-17T10:35:16.616Z,/v3/dataforseo_labs/google/keyword_suggestions/live,keyword_suggestions-pl-2026-09-17-25,1,0.01296
2026-09-17T10:35:16.680Z,/v3/dataforseo_labs/google/keyword_suggestions/live,keyword_suggestions-pl-2026-09-17-26,1,0.012
2026-09-17T10:35:16.741Z,/v3/dataforseo_labs/google/keyword_suggestions/live,keyword_suggestions-pl-2026-09-17-27,1,0.012
2026-09-17T10:35:16.747Z,/v3/dataforseo_labs/google/keyword_suggestions/live,keyword_suggestions-pl-2026-09-17-28,1,0.012
2026-09-17T10:35:16.808Z,/v3/dataforseo_labs/google/keyword_suggestions/live,keyword_suggestions-pl-2026-09-17-29,1,0.012
2026-09-17T10:35:16.964Z,/v3/dataforseo_labs/google/keyword_suggestions/live,keyword_suggestions-pl-2026-09-17-32,1,0.012
2026-09-17T10:35:16.990Z,/v3/dataforseo_labs/google/keyword_suggestions/live,keyword_suggestions-pl-2026-09-17-30,1,0.012
2026-09-17T10:35:17.002Z,/v3/dataforseo_labs/google/keyword_suggestions/live,keyword_suggestions-pl-2026-09-17-31,1,0.012
2026-09-17T10:35:17.127Z,/v3/dataforseo_labs/google/keyword_suggestions/live,keyword_suggestions-pl-2026-09-17-33,1,0.012
2026-09-17T10:35:17.217Z,/v3/dataforseo_labs/google/related_keywords/live,related_keywords-pl-2026-09-17-01,1,0.012
2026-09-17T10:35:17.250Z,/v3/dataforseo_labs/google/related_keywords/live,related_keywords-pl-2026-09-17-02,1,0.012
2026-09-17T10:35:17.261Z,/v3/dataforseo_labs/google/related_keywords/live,related_keywords-pl-2026-09-17-00,1,0.012
2026-09-17T10:35:17.314Z,/v3/dataforseo_labs/google/related_keywords/live,related_keywords-pl-2026-09-17-03,1,0.012
2026-09-17T10:35:17.378Z,/v3/dataforseo_labs/google/related_keywords/live,related_keywords-pl-2026-09-17-04,1,0.012
2026-09-17T10:35:17.390Z,/v3/dataforseo_labs/google/related_keywords/live,related_keywords-pl-2026-09-17-05,1,0.012
2026-09-17T10:35:17.414Z,/v3/dataforseo_labs/google/related_keywords/live,related_keywords-pl-2026-09-17-06,1,0.012
2026-09-17T10:35:17.456Z,/v3/dataforseo_labs/google/related_keywords/live,related_keywords-pl-2026-09-17-07,1,0.012
2026-09-17T10:35:17.533Z,/v3/dataforseo_labs/google/related_keywords/live,related_keywords-pl-2026-09-17-08,1,0.012
2026-09-17T10:35:17.613Z,/v3/dataforseo_labs/google/related_keywords/live,related_keywords-pl-2026-09-17-10,1,0.01428
2026-09-17T10:35:17.618Z,/v3/dataforseo_labs/google/related_keywords/live,related_keywords-pl-2026-09-17-09,1,0.012
2026-09-17T10:35:17.686Z,/v3/dataforseo_labs/google/related_keywords/live,related_keywords-pl-2026-09-17-11,1,0.012
2026-09-17T10:35:17.749Z,/v3/dataforseo_labs/google/related_keywords/live,related_keywords-pl-2026-09-17-13,1,0.012
2026-09-17T10:35:17.777Z,/v3/dataforseo_labs/google/related_keywords/live,related_keywords-pl-2026-09-17-12,1,0.01416
2026-09-17T10:35:17.804Z,/v3/dataforseo_labs/google/related_keywords/live,related_keywords-pl-2026-09-17-14,1,0.012
2026-09-17T10:35:21.210Z,/v3/keywords_data/google_ads/keywords_for_keywords/live,ads_keywords_for_keywords-pl-2026-09-17-0,1,0.09
2026-09-17T10:35:24.099Z,/v3/keywords_data/google_ads/keywords_for_keywords/live,ads_keywords_for_keywords-pl-2026-09-17-1,1,0.09
2026-09-17T10:35:28.533Z,/v3/dataforseo_labs/google/keyword_ideas/live,keyword_ideas-ru-kz-2026-09-17,1,0.096
2026-09-17T10:35:28.704Z,/v3/dataforseo_labs/google/keyword_suggestions/live,keyword_suggestions-ru-2026-09-17-00,1,0.012
2026-09-17T10:35:28.740Z,/v3/dataforseo_labs/google/keyword_suggestions/live,keyword_suggestions-ru-2026-09-17-01,1,0.012
2026-09-17T10:35:28.873Z,/v3/dataforseo_labs/google/keyword_suggestions/live,keyword_suggestions-ru-2026-09-17-02,1,0.01224
2026-09-17T10:35:28.891Z,/v3/dataforseo_labs/google/keyword_suggestions/live,keyword_suggestions-ru-2026-09-17-03,1,0.01272
2026-09-17T10:35:28.906Z,/v3/dataforseo_labs/google/keyword_suggestions/live,keyword_suggestions-ru-2026-09-17-04,1,0.012
2026-09-17T10:35:28.984Z,/v3/dataforseo_labs/google/keyword_suggestions/live,keyword_suggestions-ru-2026-09-17-05,1,0.012
2026-09-17T10:35:29.003Z,/v3/dataforseo_labs/google/keyword_suggestions/live,keyword_suggestions-ru-2026-09-17-07,1,0.012
2026-09-17T10:35:29.069Z,/v3/dataforseo_labs/google/keyword_suggestions/live,keyword_suggestions-ru-2026-09-17-06,1,0.01272
2026-09-17T10:35:29.299Z,/v3/dataforseo_labs/google/keyword_suggestions/live,keyword_suggestions-ru-2026-09-17-08,1,0.012
2026-09-17T10:35:29.361Z,/v3/dataforseo_labs/google/keyword_suggestions/live,keyword_suggestions-ru-2026-09-17-09,1,0.012
2026-09-17T10:35:29.380Z,/v3/dataforseo_labs/google/keyword_suggestions/live,keyword_suggestions-ru-2026-09-17-10,1,0.012
2026-09-17T10:35:29.500Z,/v3/dataforseo_labs/google/keyword_suggestions/live,keyword_suggestions-ru-2026-09-17-11,1,0.012
2026-09-17T10:35:29.522Z,/v3/dataforseo_labs/google/keyword_suggestions/live,keyword_suggestions-ru-2026-09-17-12,1,0.01224
2026-09-17T10:35:29.560Z,/v3/dataforseo_labs/google/keyword_suggestions/live,keyword_suggestions-ru-2026-09-17-13,1,0.012
2026-09-17T10:35:29.629Z,/v3/dataforseo_labs/google/keyword_suggestions/live,keyword_suggestions-ru-2026-09-17-15,1,0.012
2026-09-17T10:35:29.641Z,/v3/dataforseo_labs/google/keyword_suggestions/live,keyword_suggestions-ru-2026-09-17-14,1,0.01224
2026-09-17T10:35:29.722Z,/v3/dataforseo_labs/google/keyword_suggestions/live,keyword_suggestions-ru-2026-09-17-16,1,0.01308
2026-09-17T10:35:29.747Z,/v3/dataforseo_labs/google/keyword_suggestions/live,keyword_suggestions-ru-2026-09-17-18,1,0.012
2026-09-17T10:35:29.799Z,/v3/dataforseo_labs/google/keyword_suggestions/live,keyword_suggestions-ru-2026-09-17-17,1,0.01296
2026-09-17T10:35:29.873Z,/v3/dataforseo_labs/google/keyword_suggestions/live,keyword_suggestions-ru-2026-09-17-20,1,0.012
2026-09-17T10:35:29.911Z,/v3/dataforseo_labs/google/keyword_suggestions/live,keyword_suggestions-ru-2026-09-17-19,1,0.01224
2026-09-17T10:35:30.007Z,/v3/dataforseo_labs/google/keyword_suggestions/live,keyword_suggestions-ru-2026-09-17-21,1,0.012
2026-09-17T10:35:30.037Z,/v3/dataforseo_labs/google/keyword_suggestions/live,keyword_suggestions-ru-2026-09-17-22,1,0.01224
2026-09-17T10:35:30.063Z,/v3/dataforseo_labs/google/keyword_suggestions/live,keyword_suggestions-ru-2026-09-17-23,1,0.01212
2026-09-17T10:35:30.132Z,/v3/dataforseo_labs/google/keyword_suggestions/live,keyword_suggestions-ru-2026-09-17-24,1,0.012
2026-09-17T10:35:30.183Z,/v3/dataforseo_labs/google/keyword_suggestions/live,keyword_suggestions-ru-2026-09-17-25,1,0.01236
2026-09-17T10:35:30.220Z,/v3/dataforseo_labs/google/keyword_suggestions/live,keyword_suggestions-ru-2026-09-17-26,1,0.012
2026-09-17T10:35:30.250Z,/v3/dataforseo_labs/google/keyword_suggestions/live,keyword_suggestions-ru-2026-09-17-27,1,0.01224
2026-09-17T10:35:30.314Z,/v3/dataforseo_labs/google/keyword_suggestions/live,keyword_suggestions-ru-2026-09-17-28,1,0.012
2026-09-17T10:35:30.636Z,/v3/dataforseo_labs/google/keyword_suggestions/live,keyword_suggestions-ru-2026-09-17-30,1,0.012
2026-09-17T10:35:30.641Z,/v3/dataforseo_labs/google/keyword_suggestions/live,keyword_suggestions-ru-2026-09-17-31,1,0.01212
2026-09-17T10:35:30.648Z,/v3/dataforseo_labs/google/keyword_suggestions/live,keyword_suggestions-ru-2026-09-17-29,1,0.01356
2026-09-17T10:35:30.753Z,/v3/dataforseo_labs/google/keyword_suggestions/live,keyword_suggestions-ru-2026-09-17-32,1,0.012
2026-09-17T10:35:30.769Z,/v3/dataforseo_labs/google/keyword_suggestions/live,keyword_suggestions-ru-2026-09-17-33,1,0.01224
2026-09-17T10:35:30.863Z,/v3/dataforseo_labs/google/related_keywords/live,related_keywords-ru-2026-09-17-00,1,0.012
2026-09-17T10:35:30.938Z,/v3/dataforseo_labs/google/related_keywords/live,related_keywords-ru-2026-09-17-03,1,0.012
2026-09-17T10:35:30.964Z,/v3/dataforseo_labs/google/related_keywords/live,related_keywords-ru-2026-09-17-02,1,0.01212
2026-09-17T10:35:30.992Z,/v3/dataforseo_labs/google/related_keywords/live,related_keywords-ru-2026-09-17-01,1,0.012
2026-09-17T10:35:31.025Z,/v3/dataforseo_labs/google/related_keywords/live,related_keywords-ru-2026-09-17-04,1,0.012
2026-09-17T10:35:31.089Z,/v3/dataforseo_labs/google/related_keywords/live,related_keywords-ru-2026-09-17-05,1,0.012
2026-09-17T10:35:31.101Z,/v3/dataforseo_labs/google/related_keywords/live,related_keywords-ru-2026-09-17-06,1,0.01212
2026-09-17T10:35:31.116Z,/v3/dataforseo_labs/google/related_keywords/live,related_keywords-ru-2026-09-17-07,1,0.012
2026-09-17T10:35:31.198Z,/v3/dataforseo_labs/google/related_keywords/live,related_keywords-ru-2026-09-17-09,1,0.012
2026-09-17T10:35:31.217Z,/v3/dataforseo_labs/google/related_keywords/live,related_keywords-ru-2026-09-17-08,1,0.012
2026-09-17T10:35:31.242Z,/v3/dataforseo_labs/google/related_keywords/live,related_keywords-ru-2026-09-17-10,1,0.012
2026-09-17T10:35:31.289Z,/v3/dataforseo_labs/google/related_keywords/live,related_keywords-ru-2026-09-17-11,1,0.012
2026-09-17T10:35:31.388Z,/v3/dataforseo_labs/google/related_keywords/live,related_keywords-ru-2026-09-17-14,1,0.01212
2026-09-17T10:35:31.434Z,/v3/dataforseo_labs/google/related_keywords/live,related_keywords-ru-2026-09-17-12,1,0.01212
2026-09-17T10:35:31.452Z,/v3/dataforseo_labs/google/related_keywords/live,related_keywords-ru-2026-09-17-13,1,0.012
2026-09-17T10:35:38.205Z,/v3/keywords_data/google_ads/keywords_for_keywords/live,ads_keywords_for_keywords-ru-2026-09-17-0,1,0.09
2026-09-17T10:35:41.055Z,/v3/keywords_data/google_ads/keywords_for_keywords/live,ads_keywords_for_keywords-ru-2026-09-17-1,1,0.09
2026-09-17T10:47:04.422Z,/v3/keywords_data/google_ads/search_volume/live,ads_search_volume-en-uk-2026-09-17-0,1,0.09
2026-09-17T10:47:08.774Z,/v3/keywords_data/google_ads/search_volume/live,ads_search_volume-en-us-2026-09-17-0,1,0.09
2026-09-17T10:47:15.212Z,/v3/keywords_data/google_ads/search_volume/live,ads_search_volume-pl-pl-2026-09-17-0,1,0.09
2026-09-17T10:47:25.932Z,/v3/keywords_data/google_ads/search_volume/live,ads_search_volume-ru-kz-2026-09-17-0,1,0.09
2026-09-17T10:47:28.027Z,/v3/keywords_data/google_ads/search_volume/live,ads_search_volume-ru-pl-ru-2026-09-17-0,1,0.09
2026-09-17T10:47:30.895Z,/v3/keywords_data/google_ads/search_volume/live,ads_search_volume-ru-de-ru-2026-09-17-0,1,0.09
2026-09-17T10:47:34.623Z,/v3/keywords_data/google_ads/search_volume/live,ads_search_volume-ru-ua-ru-2026-09-17-0,1,0.09
2026-09-17T10:49:19.300Z,/v3/dataforseo_labs/google/bulk_keyword_difficulty/live,bulk_keyword_difficulty-en-2026-09-17-0,1,0.04704
2026-09-17T10:49:19.719Z,/v3/dataforseo_labs/google/search_intent/live,search_intent-en-2026-09-17-0,1,0.04704
2026-09-17T10:49:21.727Z,/v3/dataforseo_labs/google/bulk_keyword_difficulty/live,bulk_keyword_difficulty-pl-2026-09-17-0,1,0.03396
2026-09-17T10:49:21.936Z,/v3/dataforseo_labs/google/search_intent/live,search_intent-pl-2026-09-17-0,1,0.03396
2026-09-17T10:49:25.952Z,/v3/dataforseo_labs/google/bulk_keyword_difficulty/live,bulk_keyword_difficulty-ru-2026-09-17-0,1,0.04872
2026-09-17T10:49:26.256Z,/v3/dataforseo_labs/google/search_intent/live,search_intent-ru-2026-09-17-0,1,0.04872
2026-09-17T10:52:42.162Z,/v3/serp/google/organic/live/advanced,serp_organic-en-2026-09-17-02,1,0.00215
2026-09-17T10:52:44.678Z,/v3/serp/google/organic/live/advanced,serp_organic-en-2026-09-17-03,1,0.00215
2026-09-17T10:52:45.647Z,/v3/serp/google/organic/live/advanced,serp_organic-en-2026-09-17-04,1,0.00215
2026-09-17T10:52:46.985Z,/v3/serp/google/organic/live/advanced,serp_organic-en-2026-09-17-01,1,0.00215
2026-09-17T10:52:47.499Z,/v3/serp/google/organic/live/advanced,serp_organic-en-2026-09-17-05,1,0.00215
2026-09-17T10:52:47.530Z,/v3/serp/google/organic/live/advanced,serp_organic-en-2026-09-17-06,1,0.00215
2026-09-17T10:52:50.558Z,/v3/serp/google/organic/live/advanced,serp_organic-en-2026-09-17-07,1,0.00215
2026-09-17T10:52:52.635Z,/v3/serp/google/organic/live/advanced,serp_organic-en-2026-09-17-10,1,0.00215
2026-09-17T10:52:55.276Z,/v3/serp/google/organic/live/advanced,serp_organic-en-2026-09-17-00,1,0.002
2026-09-17T10:52:57.184Z,/v3/serp/google/organic/live/advanced,serp_organic-en-2026-09-17-08,1,0.00215
2026-09-17T10:52:57.538Z,/v3/serp/google/organic/live/advanced,serp_organic-en-2026-09-17-11,1,0.00215
2026-09-17T10:52:59.051Z,/v3/serp/google/organic/live/advanced,serp_organic-en-2026-09-17-12,1,0.00215
2026-09-17T10:52:59.113Z,/v3/serp/google/organic/live/advanced,serp_organic-en-2026-09-17-13,1,0.00215
2026-09-17T10:52:59.478Z,/v3/serp/google/organic/live/advanced,serp_organic-en-2026-09-17-09,1,0.00215
2026-09-17T10:53:02.825Z,/v3/serp/google/organic/live/advanced,serp_organic-en-2026-09-17-16,1,0.00215
2026-09-17T10:53:06.768Z,/v3/serp/google/organic/live/advanced,serp_organic-en-2026-09-17-15,1,0.00215
2026-09-17T10:53:08.528Z,/v3/serp/google/organic/live/advanced,serp_organic-en-2026-09-17-17,1,0.00215
2026-09-17T10:53:08.876Z,/v3/serp/google/organic/live/advanced,serp_organic-en-2026-09-17-14,1,0.00215
2026-09-17T10:53:11.002Z,/v3/serp/google/organic/live/advanced,serp_organic-en-2026-09-17-21,1,0.00215
2026-09-17T10:53:11.407Z,/v3/serp/google/organic/live/advanced,serp_organic-en-2026-09-17-20,1,0.00215
2026-09-17T10:53:12.137Z,/v3/serp/google/organic/live/advanced,serp_organic-en-2026-09-17-18,1,0.00215
2026-09-17T10:53:14.386Z,/v3/serp/google/organic/live/advanced,serp_organic-en-2026-09-17-24,1,0.00215
2026-09-17T10:53:14.615Z,/v3/serp/google/organic/live/advanced,serp_organic-en-2026-09-17-22,1,0.00215
2026-09-17T10:53:16.649Z,/v3/serp/google/organic/live/advanced,serp_organic-en-2026-09-17-19,1,0.00215
2026-09-17T10:53:18.306Z,/v3/serp/google/organic/live/advanced,serp_organic-en-2026-09-17-23,1,0.00215
2026-09-17T10:53:19.286Z,/v3/serp/google/organic/live/advanced,serp_organic-en-2026-09-17-25,1,0.00215
2026-09-17T10:53:28.870Z,/v3/serp/google/organic/live/advanced,serp_organic-en-2026-09-17-28,1,0.00215
2026-09-17T10:53:29.635Z,/v3/serp/google/organic/live/advanced,serp_organic-en-2026-09-17-27,1,0.00215
2026-09-17T10:53:31.318Z,/v3/serp/google/organic/live/advanced,serp_organic-en-2026-09-17-30,1,0.00215
2026-09-17T10:53:33.015Z,/v3/serp/google/organic/live/advanced,serp_organic-en-2026-09-17-29,1,0.00215
2026-09-17T10:53:33.883Z,/v3/serp/google/organic/live/advanced,serp_organic-en-2026-09-17-31,1,0.00215
2026-09-17T10:53:35.020Z,/v3/serp/google/organic/live/advanced,serp_organic-en-2026-09-17-26,1,0.00215
2026-09-17T10:53:36.983Z,/v3/serp/google/organic/live/advanced,serp_organic-en-2026-09-17-33,1,0.00215
2026-09-17T10:53:39.354Z,/v3/serp/google/organic/live/advanced,serp_organic-en-2026-09-17-35,1,0.00215
2026-09-17T10:53:41.172Z,/v3/serp/google/organic/live/advanced,serp_organic-en-2026-09-17-34,1,0.00215
2026-09-17T10:53:44.145Z,/v3/serp/google/organic/live/advanced,serp_organic-en-2026-09-17-38,1,0.00215
2026-09-17T10:53:45.779Z,/v3/serp/google/organic/live/advanced,serp_organic-en-2026-09-17-32,1,0.00215
2026-09-17T10:53:47.350Z,/v3/serp/google/organic/live/advanced,serp_organic-en-2026-09-17-39,1,0.00215
2026-09-17T10:53:47.767Z,/v3/serp/google/organic/live/advanced,serp_organic-en-2026-09-17-37,1,0.00215
2026-09-17T10:53:49.642Z,/v3/serp/google/organic/live/advanced,serp_organic-en-2026-09-17-36,1,0.00215
2026-09-17T10:54:21.795Z,/v3/serp/google/organic/live/advanced,serp_organic-en-2026-09-17-00,1,0.002
2026-09-17T10:55:08.997Z,/v3/serp/google/organic/live/advanced,serp_organic-pl-2026-09-17-02,1,0.00215
2026-09-17T10:55:11.526Z,/v3/serp/google/organic/live/advanced,serp_organic-pl-2026-09-17-03,1,0.00215
2026-09-17T10:55:12.971Z,/v3/serp/google/organic/live/advanced,serp_organic-pl-2026-09-17-04,1,0.00215
2026-09-17T10:55:17.669Z,/v3/serp/google/organic/live/advanced,serp_organic-pl-2026-09-17-06,1,0.00215
2026-09-17T10:55:19.925Z,/v3/serp/google/organic/live/advanced,serp_organic-pl-2026-09-17-07,1,0.00215
2026-09-17T10:55:22.155Z,/v3/serp/google/organic/live/advanced,serp_organic-pl-2026-09-17-00,1,0.002
2026-09-17T10:55:22.633Z,/v3/serp/google/organic/live/advanced,serp_organic-pl-2026-09-17-08,1,0.00215
2026-09-17T10:55:24.115Z,/v3/serp/google/organic/live/advanced,serp_organic-pl-2026-09-17-05,1,0.00215
2026-09-17T10:55:24.313Z,/v3/serp/google/organic/live/advanced,serp_organic-pl-2026-09-17-09,1,0.00215
2026-09-17T10:55:25.699Z,/v3/serp/google/organic/live/advanced,serp_organic-pl-2026-09-17-01,1,0.00215
2026-09-17T10:55:30.689Z,/v3/serp/google/organic/live/advanced,serp_organic-pl-2026-09-17-10,1,0.00215
2026-09-17T10:55:32.342Z,/v3/serp/google/organic/live/advanced,serp_organic-pl-2026-09-17-13,1,0.00215
2026-09-17T10:55:35.203Z,/v3/serp/google/organic/live/advanced,serp_organic-pl-2026-09-17-14,1,0.00215
2026-09-17T10:55:36.130Z,/v3/serp/google/organic/live/advanced,serp_organic-pl-2026-09-17-15,1,0.00215
2026-09-17T10:55:36.926Z,/v3/serp/google/organic/live/advanced,serp_organic-pl-2026-09-17-16,1,0.00215
2026-09-17T10:55:37.985Z,/v3/serp/google/organic/live/advanced,serp_organic-pl-2026-09-17-12,1,0.00215
2026-09-17T10:55:39.123Z,/v3/serp/google/organic/live/advanced,serp_organic-pl-2026-09-17-18,1,0.00215
2026-09-17T10:55:40.855Z,/v3/serp/google/organic/live/advanced,serp_organic-pl-2026-09-17-19,1,0.00215
2026-09-17T10:55:43.224Z,/v3/serp/google/organic/live/advanced,serp_organic-pl-2026-09-17-11,1,0.00215
2026-09-17T10:55:43.716Z,/v3/serp/google/organic/live/advanced,serp_organic-pl-2026-09-17-17,1,0.00215
2026-09-17T10:55:44.056Z,/v3/serp/google/organic/live/advanced,serp_organic-pl-2026-09-17-20,1,0.00215
2026-09-17T10:55:46.084Z,/v3/serp/google/organic/live/advanced,serp_organic-pl-2026-09-17-24,1,0.00215
2026-09-17T10:55:47.131Z,/v3/serp/google/organic/live/advanced,serp_organic-pl-2026-09-17-23,1,0.00215
2026-09-17T10:55:47.540Z,/v3/serp/google/organic/live/advanced,serp_organic-pl-2026-09-17-21,1,0.00215
2026-09-17T10:55:50.745Z,/v3/serp/google/organic/live/advanced,serp_organic-pl-2026-09-17-22,1,0.00215
2026-09-17T10:55:57.840Z,/v3/serp/google/organic/live/advanced,serp_organic-pl-2026-09-17-28,1,0.00215
2026-09-17T10:55:58.555Z,/v3/serp/google/organic/live/advanced,serp_organic-pl-2026-09-17-25,1,0.00215
2026-09-17T10:55:59.771Z,/v3/serp/google/organic/live/advanced,serp_organic-pl-2026-09-17-26,1,0.00215
2026-09-17T10:56:00.620Z,/v3/serp/google/organic/live/advanced,serp_organic-pl-2026-09-17-27,1,0.00215
2026-09-17T10:56:01.545Z,/v3/serp/google/organic/live/advanced,serp_organic-pl-2026-09-17-30,1,0.00215
2026-09-17T10:56:03.119Z,/v3/serp/google/organic/live/advanced,serp_organic-pl-2026-09-17-32,1,0.00215
2026-09-17T10:56:07.666Z,/v3/serp/google/organic/live/advanced,serp_organic-pl-2026-09-17-29,1,0.00215
2026-09-17T10:56:13.507Z,/v3/serp/google/organic/live/advanced,serp_organic-pl-2026-09-17-31,1,0.00215
2026-09-17T10:56:15.912Z,/v3/serp/google/organic/live/advanced,serp_organic-pl-2026-09-17-34,1,0.00215
2026-09-17T10:56:16.715Z,/v3/serp/google/organic/live/advanced,serp_organic-pl-2026-09-17-35,1,0.00215
2026-09-17T10:56:18.258Z,/v3/serp/google/organic/live/advanced,serp_organic-pl-2026-09-17-36,1,0.00215
2026-09-17T10:56:19.546Z,/v3/serp/google/organic/live/advanced,serp_organic-pl-2026-09-17-33,1,0.00215
2026-09-17T10:56:23.445Z,/v3/serp/google/organic/live/advanced,serp_organic-ru-2026-09-17-00,1,0.002
2026-09-17T10:56:24.053Z,/v3/serp/google/organic/live/advanced,serp_organic-ru-2026-09-17-01,1,0.00215
2026-09-17T10:56:24.083Z,/v3/serp/google/organic/live/advanced,serp_organic-ru-2026-09-17-03,1,0.00215
2026-09-17T10:56:28.698Z,/v3/serp/google/organic/live/advanced,serp_organic-ru-2026-09-17-04,1,0.00215
2026-09-17T10:56:29.336Z,/v3/serp/google/organic/live/advanced,serp_organic-ru-2026-09-17-02,1,0.00215
2026-09-17T10:56:34.236Z,/v3/serp/google/organic/live/advanced,serp_organic-ru-2026-09-17-05,1,0.00215
2026-09-17T10:56:35.424Z,/v3/serp/google/organic/live/advanced,serp_organic-ru-2026-09-17-08,1,0.00215
2026-09-17T10:56:37.069Z,/v3/serp/google/organic/live/advanced,serp_organic-ru-2026-09-17-06,1,0.00215
2026-09-17T10:56:38.929Z,/v3/serp/google/organic/live/advanced,serp_organic-ru-2026-09-17-11,1,0.00215
2026-09-17T10:56:39.577Z,/v3/serp/google/organic/live/advanced,serp_organic-ru-2026-09-17-07,1,0.00215
2026-09-17T10:56:46.510Z,/v3/serp/google/organic/live/advanced,serp_organic-ru-2026-09-17-12,1,0.00215
2026-09-17T10:56:47.644Z,/v3/serp/google/organic/live/advanced,serp_organic-ru-2026-09-17-10,1,0.00215
2026-09-17T10:56:48.648Z,/v3/serp/google/organic/live/advanced,serp_organic-ru-2026-09-17-13,1,0.00215
2026-09-17T10:56:49.694Z,/v3/serp/google/organic/live/advanced,serp_organic-ru-2026-09-17-15,1,0.002
2026-09-17T10:56:50.224Z,/v3/serp/google/organic/live/advanced,serp_organic-ru-2026-09-17-09,1,0.00215
2026-09-17T10:56:50.241Z,/v3/serp/google/organic/live/advanced,serp_organic-ru-2026-09-17-14,1,0.00215
2026-09-17T10:56:51.982Z,/v3/serp/google/organic/live/advanced,serp_organic-ru-2026-09-17-17,1,0.00215
2026-09-17T10:56:52.022Z,/v3/serp/google/organic/live/advanced,serp_organic-ru-2026-09-17-16,1,0.00215
2026-09-17T10:56:53.356Z,/v3/serp/google/organic/live/advanced,serp_organic-ru-2026-09-17-19,1,0.00215
2026-09-17T10:56:56.025Z,/v3/serp/google/organic/live/advanced,serp_organic-ru-2026-09-17-21,1,0.00215
2026-09-17T10:56:56.318Z,/v3/serp/google/organic/live/advanced,serp_organic-ru-2026-09-17-20,1,0.00215
2026-09-17T10:56:58.095Z,/v3/serp/google/organic/live/advanced,serp_organic-ru-2026-09-17-23,1,0.00215
2026-09-17T10:57:00.434Z,/v3/serp/google/organic/live/advanced,serp_organic-ru-2026-09-17-18,1,0.00215
2026-09-17T10:57:06.932Z,/v3/serp/google/organic/live/advanced,serp_organic-ru-2026-09-17-22,1,0.00215
2026-09-17T10:57:08.768Z,/v3/serp/google/organic/live/advanced,serp_organic-ru-2026-09-17-24,1,0.00215
2026-09-17T10:57:09.483Z,/v3/serp/google/organic/live/advanced,serp_organic-ru-2026-09-17-25,1,0.00215
2026-09-17T10:57:11.099Z,/v3/serp/google/organic/live/advanced,serp_organic-ru-2026-09-17-27,1,0.00215
2026-09-17T10:57:11.780Z,/v3/serp/google/organic/live/advanced,serp_organic-ru-2026-09-17-29,1,0.00215
2026-09-17T10:57:14.226Z,/v3/serp/google/organic/live/advanced,serp_organic-ru-2026-09-17-31,1,0.00215
2026-09-17T10:57:17.731Z,/v3/serp/google/organic/live/advanced,serp_organic-ru-2026-09-17-32,1,0.00215
2026-09-17T10:57:17.944Z,/v3/serp/google/organic/live/advanced,serp_organic-ru-2026-09-17-30,1,0.00215
2026-09-17T10:57:19.842Z,/v3/serp/google/organic/live/advanced,serp_organic-ru-2026-09-17-28,1,0.00215
2026-09-17T10:57:20.040Z,/v3/serp/google/organic/live/advanced,serp_organic-ru-2026-09-17-33,1,0.00215
2026-09-17T10:57:21.880Z,/v3/serp/google/organic/live/advanced,serp_organic-ru-2026-09-17-26,1,0.00215
2026-09-17T10:57:21.923Z,/v3/serp/google/organic/live/advanced,serp_organic-ru-2026-09-17-35,1,0.00215
2026-09-17T10:57:22.751Z,/v3/serp/google/organic/live/advanced,serp_organic-ru-2026-09-17-34,1,0.00215
2026-09-17T10:57:37.941Z,/v3/serp/google/organic/live/advanced,serp_organic-en-2026-09-17-00,1,0.002
2026-09-17T11:06:17.324Z,/v3/keywords_data/google_ads/search_volume/live,ads_search_volume-en-uk-2026-09-17-batch2,1,0.09
2026-09-17T11:06:19.392Z,/v3/keywords_data/google_ads/search_volume/live,ads_search_volume-en-us-2026-09-17-batch2,1,0.09
2026-09-17T11:06:24.203Z,/v3/keywords_data/google_ads/search_volume/live,ads_search_volume-pl-pl-2026-09-17-batch2,1,0.09
2026-09-17T11:06:27.693Z,/v3/keywords_data/google_ads/search_volume/live,ads_search_volume-ru-kz-2026-09-17-batch2,1,0.09
2026-09-17T11:06:30.275Z,/v3/keywords_data/google_ads/search_volume/live,ads_search_volume-ru-ua-ru-2026-09-17-batch2,1,0.09
2026-09-17T11:38:33.092Z,/v3/keywords_data/google_ads/search_volume/live,ads_search_volume-en-uk-2026-09-17-batch3,1,0.09
2026-09-17T11:38:36.369Z,/v3/keywords_data/google_ads/search_volume/live,ads_search_volume-en-us-2026-09-17-batch3,1,0.09
2026-09-17T11:38:40.334Z,/v3/keywords_data/google_ads/search_volume/live,ads_search_volume-pl-pl-2026-09-17-batch3,1,0.09
2026-09-17T11:38:46.517Z,/v3/keywords_data/google_ads/search_volume/live,ads_search_volume-ru-kz-2026-09-17-batch3,1,0.09
2026-09-17T11:38:48.928Z,/v3/keywords_data/google_ads/search_volume/live,ads_search_volume-ru-ua-ru-2026-09-17-batch3,1,0.09
2026-09-17T11:38:52.353Z,/v3/serp/google/organic/live/advanced,serpalt_organic-ru-pl-ru-2026-09-17-01,1,0.00215
2026-09-17T11:38:54.386Z,/v3/serp/google/organic/live/advanced,serpalt_organic-ru-pl-ru-2026-09-17-04,1,0.00215
2026-09-17T11:38:59.170Z,/v3/serp/google/organic/live/advanced,serpalt_organic-ru-pl-ru-2026-09-17-02,1,0.00215
2026-09-17T11:39:02.021Z,/v3/serp/google/organic/live/advanced,serpalt_organic-ru-pl-ru-2026-09-17-03,1,0.00215
2026-09-17T11:39:02.293Z,/v3/serp/google/organic/live/advanced,serpalt_organic-ru-pl-ru-2026-09-17-06,1,0.00215
2026-09-17T11:39:04.488Z,/v3/serp/google/organic/live/advanced,serpalt_organic-ru-pl-ru-2026-09-17-00,1,0.002
2026-09-17T11:39:04.972Z,/v3/serp/google/organic/live/advanced,serpalt_organic-ru-pl-ru-2026-09-17-05,1,0.00215
2026-09-17T11:39:06.535Z,/v3/serp/google/organic/live/advanced,serpalt_organic-ru-pl-ru-2026-09-17-09,1,0.00215
2026-09-17T11:39:06.914Z,/v3/serp/google/organic/live/advanced,serpalt_organic-ru-pl-ru-2026-09-17-10,1,0.00215
2026-09-17T11:39:07.571Z,/v3/serp/google/organic/live/advanced,serpalt_organic-ru-pl-ru-2026-09-17-07,1,0.00215
2026-09-17T11:39:08.815Z,/v3/serp/google/organic/live/advanced,serpalt_organic-ru-pl-ru-2026-09-17-08,1,0.00215
2026-09-17T11:39:09.739Z,/v3/serp/google/organic/live/advanced,serpalt_organic-ru-pl-ru-2026-09-17-12,1,0.00215
2026-09-17T11:39:13.921Z,/v3/serp/google/organic/live/advanced,serpalt_organic-ru-pl-ru-2026-09-17-11,1,0.00215
2026-09-17T11:39:15.446Z,/v3/serp/google/organic/live/advanced,serpalt_organic-ru-pl-ru-2026-09-17-14,1,0.00215
2026-09-17T11:39:18.872Z,/v3/serp/google/organic/live/advanced,serpalt_organic-ru-pl-ru-2026-09-17-15,1,0.00215
2026-09-17T11:39:19.768Z,/v3/serp/google/organic/live/advanced,serpalt_organic-ru-pl-ru-2026-09-17-16,1,0.00215
2026-09-17T11:39:20.297Z,/v3/serp/google/organic/live/advanced,serpalt_organic-ru-pl-ru-2026-09-17-13,1,0.00215
2026-09-17T11:39:22.333Z,/v3/serp/google/organic/live/advanced,serpalt_organic-ru-pl-ru-2026-09-17-20,1,0.00215
2026-09-17T11:39:28.353Z,/v3/serp/google/organic/live/advanced,serpalt_organic-ru-pl-ru-2026-09-17-18,1,0.00215
2026-09-17T11:39:29.436Z,/v3/serp/google/organic/live/advanced,serpalt_organic-ru-pl-ru-2026-09-17-17,1,0.00215
2026-09-17T11:39:30.381Z,/v3/serp/google/organic/live/advanced,serpalt_organic-ru-pl-ru-2026-09-17-22,1,0.00215
2026-09-17T11:39:33.438Z,/v3/serp/google/organic/live/advanced,serpalt_organic-ru-pl-ru-2026-09-17-24,1,0.00215
2026-09-17T11:39:33.548Z,/v3/serp/google/organic/live/advanced,serpalt_organic-ru-pl-ru-2026-09-17-19,1,0.00215
2026-09-17T11:39:35.170Z,/v3/serp/google/organic/live/advanced,serpalt_organic-ru-pl-ru-2026-09-17-21,1,0.00215
2026-09-17T11:39:35.523Z,/v3/serp/google/organic/live/advanced,serpalt_organic-ru-pl-ru-2026-09-17-23,1,0.00215
2026-09-17T11:39:36.550Z,/v3/serp/google/organic/live/advanced,serpalt_organic-ru-pl-ru-2026-09-17-26,1,0.00215
2026-09-17T11:39:38.454Z,/v3/serp/google/organic/live/advanced,serpalt_organic-ru-pl-ru-2026-09-17-27,1,0.00215
2026-09-17T11:39:41.289Z,/v3/serp/google/organic/live/advanced,serpalt_organic-ru-pl-ru-2026-09-17-28,1,0.00215
2026-09-17T11:39:44.487Z,/v3/serp/google/organic/live/advanced,serpalt_organic-ru-pl-ru-2026-09-17-25,1,0.00215
2026-09-17T11:39:45.174Z,/v3/serp/google/organic/live/advanced,serpalt_organic-ru-pl-ru-2026-09-17-29,1,0.00215
2026-09-17T11:39:46.841Z,/v3/serp/google/organic/live/advanced,serpalt_organic-ru-pl-ru-2026-09-17-31,1,0.00215
2026-09-17T11:39:47.045Z,/v3/serp/google/organic/live/advanced,serpalt_organic-ru-pl-ru-2026-09-17-32,1,0.00215
2026-09-17T11:39:47.206Z,/v3/serp/google/organic/live/advanced,serpalt_organic-ru-pl-ru-2026-09-17-33,1,0.00215
2026-09-17T11:39:53.191Z,/v3/serp/google/organic/live/advanced,serpalt_organic-ru-pl-ru-2026-09-17-30,1,0.00215
2026-09-17T11:39:57.169Z,/v3/serp/google/organic/live/advanced,serpalt_organic-ru-pl-ru-2026-09-17-35,1,0.00215
2026-09-17T11:39:59.244Z,/v3/serp/google/organic/live/advanced,serpalt_organic-ru-pl-ru-2026-09-17-34,1,0.00215
2026-09-17T11:40:00.984Z,/v3/serp/google/organic/live/advanced,serpalt_organic-ru-de-ru-2026-09-17-02,1,0.00215
2026-09-17T11:40:02.010Z,/v3/serp/google/organic/live/advanced,serpalt_organic-ru-de-ru-2026-09-17-03,1,0.00215
2026-09-17T11:40:02.187Z,/v3/serp/google/organic/live/advanced,serpalt_organic-ru-de-ru-2026-09-17-01,1,0.00215
2026-09-17T11:40:02.414Z,/v3/serp/google/organic/live/advanced,serpalt_organic-ru-de-ru-2026-09-17-00,1,0.002
2026-09-17T11:40:04.000Z,/v3/serp/google/organic/live/advanced,serpalt_organic-ru-de-ru-2026-09-17-05,1,0.00215
2026-09-17T11:40:04.234Z,/v3/serp/google/organic/live/advanced,serpalt_organic-ru-de-ru-2026-09-17-06,1,0.00215
2026-09-17T11:40:08.362Z,/v3/serp/google/organic/live/advanced,serpalt_organic-ru-de-ru-2026-09-17-07,1,0.00215
2026-09-17T11:40:08.848Z,/v3/serp/google/organic/live/advanced,serpalt_organic-ru-de-ru-2026-09-17-04,1,0.00215
2026-09-17T11:40:09.135Z,/v3/serp/google/organic/live/advanced,serpalt_organic-ru-de-ru-2026-09-17-08,1,0.00215
2026-09-17T11:40:10.255Z,/v3/serp/google/organic/live/advanced,serpalt_organic-ru-de-ru-2026-09-17-10,1,0.00215
2026-09-17T11:40:11.522Z,/v3/serp/google/organic/live/advanced,serpalt_organic-ru-de-ru-2026-09-17-12,1,0.00215
2026-09-17T11:40:12.375Z,/v3/serp/google/organic/live/advanced,serpalt_organic-ru-de-ru-2026-09-17-13,1,0.00215
2026-09-17T11:40:12.472Z,/v3/serp/google/organic/live/advanced,serpalt_organic-ru-de-ru-2026-09-17-09,1,0.00215
2026-09-17T11:40:13.769Z,/v3/serp/google/organic/live/advanced,serpalt_organic-ru-de-ru-2026-09-17-15,1,0.002
2026-09-17T11:40:14.539Z,/v3/serp/google/organic/live/advanced,serpalt_organic-ru-de-ru-2026-09-17-16,1,0.00215
2026-09-17T11:40:15.232Z,/v3/serp/google/organic/live/advanced,serpalt_organic-ru-de-ru-2026-09-17-14,1,0.00215
2026-09-17T11:40:16.372Z,/v3/serp/google/organic/live/advanced,serpalt_organic-ru-de-ru-2026-09-17-17,1,0.00215
2026-09-17T11:40:16.419Z,/v3/serp/google/organic/live/advanced,serpalt_organic-ru-de-ru-2026-09-17-11,1,0.00215
2026-09-17T11:40:19.520Z,/v3/serp/google/organic/live/advanced,serpalt_organic-ru-de-ru-2026-09-17-21,1,0.00215
2026-09-17T11:40:20.765Z,/v3/serp/google/organic/live/advanced,serpalt_organic-ru-de-ru-2026-09-17-18,1,0.00215
2026-09-17T11:40:21.973Z,/v3/serp/google/organic/live/advanced,serpalt_organic-ru-de-ru-2026-09-17-22,1,0.00215
2026-09-17T11:40:22.107Z,/v3/serp/google/organic/live/advanced,serpalt_organic-ru-de-ru-2026-09-17-20,1,0.00215
2026-09-17T11:40:23.338Z,/v3/serp/google/organic/live/advanced,serpalt_organic-ru-de-ru-2026-09-17-23,1,0.00215
2026-09-17T11:40:24.652Z,/v3/serp/google/organic/live/advanced,serpalt_organic-ru-de-ru-2026-09-17-19,1,0.00215
2026-09-17T11:40:24.949Z,/v3/serp/google/organic/live/advanced,serpalt_organic-ru-de-ru-2026-09-17-25,1,0.00215
2026-09-17T11:40:24.978Z,/v3/serp/google/organic/live/advanced,serpalt_organic-ru-de-ru-2026-09-17-26,1,0.00215
2026-09-17T11:40:26.509Z,/v3/serp/google/organic/live/advanced,serpalt_organic-ru-de-ru-2026-09-17-27,1,0.00215
2026-09-17T11:40:27.521Z,/v3/serp/google/organic/live/advanced,serpalt_organic-ru-de-ru-2026-09-17-29,1,0.00215
2026-09-17T11:40:27.993Z,/v3/serp/google/organic/live/advanced,serpalt_organic-ru-de-ru-2026-09-17-24,1,0.00215
2026-09-17T11:40:29.776Z,/v3/serp/google/organic/live/advanced,serpalt_organic-ru-de-ru-2026-09-17-31,1,0.00215
2026-09-17T11:40:31.605Z,/v3/serp/google/organic/live/advanced,serpalt_organic-ru-de-ru-2026-09-17-32,1,0.00215
2026-09-17T11:40:32.858Z,/v3/serp/google/organic/live/advanced,serpalt_organic-ru-de-ru-2026-09-17-30,1,0.00215
2026-09-17T11:40:35.603Z,/v3/serp/google/organic/live/advanced,serpalt_organic-ru-de-ru-2026-09-17-34,1,0.00215
2026-09-17T11:40:36.067Z,/v3/serp/google/organic/live/advanced,serpalt_organic-ru-de-ru-2026-09-17-28,1,0.00215
2026-09-17T11:40:38.185Z,/v3/serp/google/organic/live/advanced,serpalt_organic-ru-de-ru-2026-09-17-33,1,0.00215
2026-09-17T11:40:39.351Z,/v3/serp/google/organic/live/advanced,serpalt_organic-ru-de-ru-2026-09-17-35,1,0.002
2026-09-18T09:05:25.110Z,/v3/serp/google/organic/live/advanced,article_serp-en-row-level-security-row-level-security-power-bi,1,0.00215
2026-09-18T09:05:30.631Z,/v3/serp/google/organic/live/advanced,article_serp-en-row-level-security-power-bi-rls,1,0.00215
2026-09-18T09:05:30.834Z,/v3/dataforseo_labs/google/keyword_suggestions/live,article_suggestions-en-row-level-security,1,0.0156
2026-09-18T09:05:33.888Z,/v3/serp/google/organic/live/advanced,article_serp-en-dax-measures-dax-measures,1,0.00215
2026-09-18T09:05:36.171Z,/v3/serp/google/organic/live/advanced,article_serp-en-dax-measures-dax-measures-for-retail,1,0.00215
2026-09-18T09:05:36.416Z,/v3/dataforseo_labs/google/keyword_suggestions/live,article_suggestions-en-dax-measures,1,0.01464
2026-09-18T09:05:38.340Z,/v3/serp/google/organic/live/advanced,article_serp-en-pricing-strategy-retail-pricing-strategy,1,0.00215
2026-09-18T09:05:45.751Z,/v3/serp/google/organic/live/advanced,article_serp-en-pricing-strategy-retail-pricing,1,0.00215
2026-09-18T09:05:45.933Z,/v3/dataforseo_labs/google/keyword_suggestions/live,article_suggestions-en-pricing-strategy,1,0.01416
2026-09-18T09:05:49.568Z,/v3/serp/google/organic/live/advanced,article_serp-en-pim-vs-plm-pim-vs-plm,1,0.00215
2026-09-18T09:05:56.408Z,/v3/serp/google/organic/live/advanced,article_serp-en-pim-vs-plm-what-is-plm,1,0.00215
2026-09-18T09:05:56.648Z,/v3/dataforseo_labs/google/keyword_suggestions/live,article_suggestions-en-pim-vs-plm,1,0.01236
2026-09-18T09:06:01.002Z,/v3/serp/google/organic/live/advanced,article_serp-en-abc-xyz-abc-analysis,1,0.00215
2026-09-18T09:06:07.623Z,/v3/serp/google/organic/live/advanced,article_serp-en-abc-xyz-abc-xyz-analysis,1,0.00215
2026-09-18T09:06:07.913Z,/v3/dataforseo_labs/google/keyword_suggestions/live,article_suggestions-en-abc-xyz,1,0.0156
2026-09-18T09:06:10.583Z,/v3/serp/google/organic/live/advanced,article_serp-en-range-planning-range-planning,1,0.00215
2026-09-18T09:06:17.052Z,/v3/serp/google/organic/live/advanced,article_serp-en-range-planning-range-plan-fashion,1,0.00215
2026-09-18T09:06:17.230Z,/v3/dataforseo_labs/google/keyword_suggestions/live,article_suggestions-en-range-planning,1,0.0156
2026-09-18T09:06:19.134Z,/v3/serp/google/organic/live/advanced,article_serp-en-price-architecture-price-architecture,1,0.00215
2026-09-18T09:06:23.143Z,/v3/serp/google/organic/live/advanced,article_serp-en-price-architecture-good-better-best-pricing,1,0.00215
2026-09-18T09:06:23.648Z,/v3/dataforseo_labs/google/keyword_suggestions/live,article_suggestions-en-price-architecture,1,0.0156
2026-09-18T09:06:26.750Z,/v3/serp/google/organic/live/advanced,article_serp-en-product-attributes-product-attributes,1,0.00215
2026-09-18T09:06:37.799Z,/v3/serp/google/organic/live/advanced,article_serp-en-product-attributes-product-attribute-management,1,0.00215
2026-09-18T09:06:38.148Z,/v3/dataforseo_labs/google/keyword_suggestions/live,article_suggestions-en-product-attributes,1,0.0156
2026-09-18T09:06:45.609Z,/v3/serp/google/organic/live/advanced,article_serp-en-sell-in-sell-through-sell-in-vs-sell-through,1,0.00215
2026-09-18T09:06:49.953Z,/v3/serp/google/organic/live/advanced,article_serp-en-sell-in-sell-through-sell-in-sell-through-sell-out,1,0.00215
2026-09-18T09:06:50.134Z,/v3/dataforseo_labs/google/keyword_suggestions/live,article_suggestions-en-sell-in-sell-through,1,0.01344
2026-09-18T09:06:52.474Z,/v3/serp/google/organic/live/advanced,article_serp-en-markdown-strategy-markdown-strategy-retail,1,0.00215
2026-09-18T09:07:04.889Z,/v3/serp/google/organic/live/advanced,article_serp-en-markdown-strategy-markdown-pricing,1,0.00215
2026-09-18T09:07:05.044Z,/v3/dataforseo_labs/google/keyword_suggestions/live,article_suggestions-en-markdown-strategy,1,0.01212
2026-09-18T09:07:10.497Z,/v3/serp/google/organic/live/advanced,article_serp-en-assortment-process-assortment-planning-process,1,0.00215
2026-09-18T09:07:14.395Z,/v3/serp/google/organic/live/advanced,article_serp-en-assortment-process-what-is-assortment-planning,1,0.00215
2026-09-18T09:07:14.535Z,/v3/dataforseo_labs/google/keyword_suggestions/live,article_suggestions-en-assortment-process,1,0.01248
2026-09-18T09:07:27.165Z,/v3/serp/google/organic/live/advanced,article_serp-en-size-curve-size-curve,1,0.00215
2026-09-18T09:07:29.151Z,/v3/serp/google/organic/live/advanced,article_serp-en-size-curve-size-curve-analysis,1,0.00215
2026-09-18T09:07:29.609Z,/v3/dataforseo_labs/google/keyword_suggestions/live,article_suggestions-en-size-curve,1,0.0156
2026-09-18T09:07:32.218Z,/v3/serp/google/organic/live/advanced,article_serp-en-analyst-roles-retail-analyst,1,0.00215
2026-09-18T09:07:37.537Z,/v3/serp/google/organic/live/advanced,article_serp-en-analyst-roles-brand-analyst-vs-business-analyst,1,0.00215
2026-09-18T09:07:37.671Z,/v3/dataforseo_labs/google/keyword_suggestions/live,article_suggestions-en-analyst-roles,1,0.0156
2026-09-18T09:07:40.581Z,/v3/serp/google/organic/live/advanced,article_serp-en-merchandise-planner-career-merchandise-planner,1,0.00215
2026-09-18T09:07:42.310Z,/v3/serp/google/organic/live/advanced,article_serp-en-merchandise-planner-career-how-to-become-a-merchandise-planner,1,0.00215
2026-09-18T09:07:42.664Z,/v3/dataforseo_labs/google/keyword_suggestions/live,article_suggestions-en-merchandise-planner-career,1,0.0156
2026-09-18T09:07:56.063Z,/v3/serp/google/organic/live/advanced,article_serp-pl-sell-through-rate-sell-through,1,0.00215
2026-09-18T09:08:00.781Z,/v3/serp/google/organic/live/advanced,article_serp-pl-sell-through-rate-wskaźnik-sell-through,1,0.00215
2026-09-18T09:08:01.082Z,/v3/dataforseo_labs/google/keyword_suggestions/live,article_suggestions-pl-sell-through-rate,1,0.01236
2026-09-18T09:08:03.690Z,/v3/serp/google/organic/live/advanced,article_serp-pl-open-to-buy-open-to-buy,1,0.00215
2026-09-18T09:08:12.034Z,/v3/serp/google/organic/live/advanced,article_serp-pl-open-to-buy-budżet-zakupowy,1,0.00215
2026-09-18T09:08:12.232Z,/v3/dataforseo_labs/google/keyword_suggestions/live,article_suggestions-pl-open-to-buy,1,0.0126
2026-09-18T09:08:14.851Z,/v3/serp/google/organic/live/advanced,article_serp-pl-row-level-security-rls-power-bi,1,0.00215
2026-09-18T09:08:23.459Z,/v3/serp/google/organic/live/advanced,article_serp-pl-row-level-security-zabezpieczenia-na-poziomie-wierszy-power-bi,1,0.002
2026-09-18T09:08:23.592Z,/v3/dataforseo_labs/google/keyword_suggestions/live,article_suggestions-pl-row-level-security,1,0.012
2026-09-18T09:08:30.511Z,/v3/serp/google/organic/live/advanced,article_serp-pl-dax-measures-dax-power-bi,1,0.00215
2026-09-18T09:08:32.982Z,/v3/serp/google/organic/live/advanced,article_serp-pl-dax-measures-miary-dax,1,0.00215
2026-09-18T09:08:33.634Z,/v3/dataforseo_labs/google/keyword_suggestions/live,article_suggestions-pl-dax-measures,1,0.0156
2026-09-18T09:08:35.512Z,/v3/serp/google/organic/live/advanced,article_serp-pl-pricing-strategy-strategie-cenowe,1,0.00215
2026-09-18T09:08:39.194Z,/v3/serp/google/organic/live/advanced,article_serp-pl-pricing-strategy-polityka-cenowa,1,0.00215
2026-09-18T09:08:39.380Z,/v3/dataforseo_labs/google/keyword_suggestions/live,article_suggestions-pl-pricing-strategy,1,0.01356
2026-09-18T09:08:42.963Z,/v3/serp/google/organic/live/advanced,article_serp-pl-pim-vs-plm-system-pim,1,0.00215
2026-09-18T09:08:49.635Z,/v3/serp/google/organic/live/advanced,article_serp-pl-pim-vs-plm-system-plm,1,0.00215
2026-09-18T09:08:49.861Z,/v3/dataforseo_labs/google/keyword_suggestions/live,article_suggestions-pl-pim-vs-plm,1,0.01296
2026-09-18T09:08:55.018Z,/v3/serp/google/organic/live/advanced,article_serp-pl-retail-kpis-wskaźniki-sprzedaży,1,0.00215
2026-09-18T09:08:58.944Z,/v3/serp/google/organic/live/advanced,article_serp-pl-retail-kpis-kpi-w-handlu,1,0.00215
2026-09-18T09:08:59.289Z,/v3/dataforseo_labs/google/keyword_suggestions/live,article_suggestions-pl-retail-kpis,1,0.01272
2026-09-18T09:09:04.110Z,/v3/serp/google/organic/live/advanced,article_serp-pl-price-architecture-architektura-cenowa,1,0.00215
2026-09-18T09:09:17.565Z,/v3/serp/google/organic/live/advanced,article_serp-pl-price-architecture-strategia-cenowa-good-better-best,1,0.00215
2026-09-18T09:09:17.679Z,/v3/dataforseo_labs/google/keyword_suggestions/live,article_suggestions-pl-price-architecture,1,0.012
2026-09-18T09:09:21.407Z,/v3/serp/google/organic/live/advanced,article_serp-pl-product-attributes-atrybuty-produktu,1,0.00215
2026-09-18T09:09:32.779Z,/v3/serp/google/organic/live/advanced,article_serp-pl-product-attributes-karta-produktu-atrybuty,1,0.00215
2026-09-18T09:09:32.892Z,/v3/dataforseo_labs/google/keyword_suggestions/live,article_suggestions-pl-product-attributes,1,0.01224
2026-09-18T09:09:40.004Z,/v3/serp/google/organic/live/advanced,article_serp-pl-sell-in-sell-through-sell-in-sell-out,1,0.00215
2026-09-18T09:09:48.609Z,/v3/serp/google/organic/live/advanced,article_serp-pl-sell-in-sell-through-sell-in-sell-through,1,0.00215
2026-09-18T09:09:49.345Z,/v3/dataforseo_labs/google/keyword_suggestions/live,article_suggestions-pl-sell-in-sell-through,1,0.01404
2026-09-18T09:09:54.440Z,/v3/serp/google/organic/live/advanced,article_serp-pl-category-management-category-management,1,0.00215
2026-09-18T09:09:57.695Z,/v3/serp/google/organic/live/advanced,article_serp-pl-category-management-zarządzanie-kategorią,1,0.00215
2026-09-18T09:09:57.934Z,/v3/dataforseo_labs/google/keyword_suggestions/live,article_suggestions-pl-category-management,1,0.0156
2026-09-18T09:10:01.082Z,/v3/serp/google/organic/live/advanced,article_serp-pl-sales-forecasting-prognozowanie-sprzedaży,1,0.00215
2026-09-18T09:10:04.794Z,/v3/serp/google/organic/live/advanced,article_serp-pl-sales-forecasting-prognoza-sprzedaży-excel,1,0.00215
2026-09-18T09:10:05.164Z,/v3/dataforseo_labs/google/keyword_suggestions/live,article_suggestions-pl-sales-forecasting,1,0.01272
2026-09-18T09:10:08.225Z,/v3/serp/google/organic/live/advanced,article_serp-pl-size-curve-rozmiarówka,1,0.00215
2026-09-18T09:10:09.911Z,/v3/serp/google/organic/live/advanced,article_serp-pl-size-curve-krzywa-rozmiarów,1,0.002
2026-09-18T09:10:10.319Z,/v3/dataforseo_labs/google/keyword_suggestions/live,article_suggestions-pl-size-curve,1,0.0156
2026-09-18T09:10:13.067Z,/v3/serp/google/organic/live/advanced,article_serp-pl-become-retail-analyst-jak-zostać-analitykiem-danych,1,0.002
2026-09-18T09:10:16.225Z,/v3/serp/google/organic/live/advanced,article_serp-pl-become-retail-analyst-kupiec-kto-to,1,0.00215
2026-09-18T09:10:16.708Z,/v3/dataforseo_labs/google/keyword_suggestions/live,article_suggestions-pl-become-retail-analyst,1,0.012
2026-09-18T09:10:32.228Z,/v3/serp/google/organic/live/advanced,article_serp-ru-sell-through-rate-sell-through,1,0.00215
2026-09-18T09:10:48.773Z,/v3/serp/google/organic/live/advanced,article_serp-ru-sell-through-rate-процент-реализации-товара,1,0.002
2026-09-18T09:10:49.074Z,/v3/dataforseo_labs/google/keyword_suggestions/live,article_suggestions-ru-sell-through-rate,1,0.012
2026-09-18T09:10:52.318Z,/v3/serp/google/organic/live/advanced,article_serp-ru-open-to-buy-open-to-buy,1,0.00215
2026-09-18T09:10:54.583Z,/v3/serp/google/organic/live/advanced,article_serp-ru-open-to-buy-бюджет-закупок,1,0.00215
2026-09-18T09:10:54.754Z,/v3/dataforseo_labs/google/keyword_suggestions/live,article_suggestions-ru-open-to-buy,1,0.012
2026-09-18T09:11:07.656Z,/v3/serp/google/organic/live/advanced,article_serp-ru-row-level-security-rls-power-bi,1,0.00215
2026-09-18T09:11:09.860Z,/v3/serp/google/organic/live/advanced,article_serp-ru-row-level-security-безопасность-на-уровне-строк-power-bi,1,0.002
2026-09-18T09:11:10.118Z,/v3/dataforseo_labs/google/keyword_suggestions/live,article_suggestions-ru-row-level-security,1,0.012
2026-09-18T09:11:12.697Z,/v3/serp/google/organic/live/advanced,article_serp-ru-dax-measures-dax-функции,1,0.00215
2026-09-18T09:11:16.872Z,/v3/serp/google/organic/live/advanced,article_serp-ru-dax-measures-меры-dax-power-bi,1,0.00215
2026-09-18T09:11:16.997Z,/v3/dataforseo_labs/google/keyword_suggestions/live,article_suggestions-ru-dax-measures,1,0.012
2026-09-18T09:11:19.263Z,/v3/serp/google/organic/live/advanced,article_serp-ru-dashboard-examples-дашборд-в-power-bi,1,0.00215
2026-09-18T09:11:22.060Z,/v3/serp/google/organic/live/advanced,article_serp-ru-dashboard-examples-дашборд-продаж,1,0.00215
2026-09-18T09:11:23.173Z,/v3/dataforseo_labs/google/keyword_suggestions/live,article_suggestions-ru-dashboard-examples,1,0.01224
2026-09-18T09:11:28.889Z,/v3/serp/google/organic/live/advanced,article_serp-ru-pim-vs-plm-pim-система,1,0.00215
2026-09-18T09:11:35.462Z,/v3/serp/google/organic/live/advanced,article_serp-ru-pim-vs-plm-plm-система,1,0.00215
2026-09-18T09:11:35.676Z,/v3/dataforseo_labs/google/keyword_suggestions/live,article_suggestions-ru-pim-vs-plm,1,0.01236
2026-09-18T09:11:39.937Z,/v3/serp/google/organic/live/advanced,article_serp-ru-retail-kpis-kpi-в-розничной-торговле,1,0.00215
2026-09-18T09:11:47.541Z,/v3/serp/google/organic/live/advanced,article_serp-ru-retail-kpis-показатели-эффективности-магазина,1,0.00215
2026-09-18T09:11:47.688Z,/v3/dataforseo_labs/google/keyword_suggestions/live,article_suggestions-ru-retail-kpis,1,0.01212
2026-09-18T09:11:50.080Z,/v3/serp/google/organic/live/advanced,article_serp-ru-price-architecture-ценовой-сегмент,1,0.00215
2026-09-18T09:11:53.805Z,/v3/serp/google/organic/live/advanced,article_serp-ru-price-architecture-ценовая-линейка,1,0.002
2026-09-18T09:11:54.017Z,/v3/dataforseo_labs/google/keyword_suggestions/live,article_suggestions-ru-price-architecture,1,0.0126
2026-09-18T09:11:56.811Z,/v3/serp/google/organic/live/advanced,article_serp-ru-product-attributes-атрибуты-товара,1,0.00215
2026-09-18T09:12:00.191Z,/v3/serp/google/organic/live/advanced,article_serp-ru-product-attributes-характеристики-товара-для-маркетплейса,1,0.00215
2026-09-18T09:12:00.395Z,/v3/dataforseo_labs/google/keyword_suggestions/live,article_suggestions-ru-product-attributes,1,0.012
2026-09-18T09:12:06.751Z,/v3/serp/google/organic/live/advanced,article_serp-ru-sell-in-sell-through-sell-in-sell-out,1,0.00215
2026-09-18T09:12:17.563Z,/v3/serp/google/organic/live/advanced,article_serp-ru-sell-in-sell-through-sell-in-и-sell-out-разница,1,0.00215
2026-09-18T09:12:17.709Z,/v3/dataforseo_labs/google/keyword_suggestions/live,article_suggestions-ru-sell-in-sell-through,1,0.01332
2026-09-18T09:12:20.949Z,/v3/serp/google/organic/live/advanced,article_serp-ru-assortment-matrix-ассортиментная-матрица,1,0.00215
2026-09-18T09:12:34.762Z,/v3/serp/google/organic/live/advanced,article_serp-ru-assortment-matrix-ассортиментная-матрица-магазина-одежды,1,0.00215
2026-09-18T09:12:34.952Z,/v3/dataforseo_labs/google/keyword_suggestions/live,article_suggestions-ru-assortment-matrix,1,0.012
2026-09-18T09:12:39.024Z,/v3/serp/google/organic/live/advanced,article_serp-ru-size-curve-размерная-линейка,1,0.00215
2026-09-18T09:12:41.799Z,/v3/serp/google/organic/live/advanced,article_serp-ru-size-curve-размерная-сетка-закупка,1,0.00215
2026-09-18T09:12:41.988Z,/v3/dataforseo_labs/google/keyword_suggestions/live,article_suggestions-ru-size-curve,1,0.01212
2026-09-18T09:12:50.154Z,/v3/serp/google/organic/live/advanced,article_serp-ru-buyer-and-category-manager-категорийный-менеджер,1,0.00215
2026-09-18T09:12:52.285Z,/v3/serp/google/organic/live/advanced,article_serp-ru-buyer-and-category-manager-кто-такой-байер,1,0.00215
2026-09-18T09:12:52.552Z,/v3/dataforseo_labs/google/keyword_suggestions/live,article_suggestions-ru-buyer-and-category-manager,1,0.01476
